p_idx,sim_id,il_type,comp_idx,temp,efield,snap_ns,D_cumul
0,0,BF4,0,250,0,100,8.862433333333334
1,0,BF4,0,250,0,60,3.700111111111111
2,0,BF4,0,250,0,70,3.1564285714285716
3,0,BF4,0,250,0,80,3.202125
4,0,BF4,0,250,0,90,5.24537037037037
5,1,BF4,0,250,1,100,8.661916666666666
6,1,BF4,0,250,1,60,14.025555555555554
7,1,BF4,0,250,1,70,9.560666666666666
8,1,BF4,0,250,1,80,8.978166666666668
9,1,BF4,0,250,1,90,8.814907407407407
10,2,BF4,0,300,0,100,18.921833333333336
11,2,BF4,0,300,0,60,3.629
12,2,BF4,0,300,0,70,0.8474261904761904
13,2,BF4,0,300,0,80,7.162645833333333
14,2,BF4,0,300,0,90,9.81924074074074
15,3,BF4,0,300,1,100,1.9031166666666666
16,3,BF4,0,300,1,60,3.505
17,3,BF4,0,300,1,70,4.937595238095238
18,3,BF4,0,300,1,80,1.9519041666666666
19,3,BF4,0,300,1,90,2.7372407407407406
20,4,BF4,0,350,0,100,3.629783333333333
21,4,BF4,0,350,0,60,2.5940416666666666
22,4,BF4,0,350,0,70,1.195097619047619
23,4,BF4,0,350,0,80,2.9856249999999998
24,4,BF4,0,350,0,90,1.070214814814815
25,5,BF4,0,350,1,100,2.7119166666666668
26,5,BF4,0,350,1,60,5.139972222222222
27,5,BF4,0,350,1,70,6.105476190476191
28,5,BF4,0,350,1,80,1.42279375
29,5,BF4,0,350,1,90,5.984555555555556
30,6,BF4,0,400,0,100,23.6765
31,6,BF4,0,400,0,60,27.142527777777776
32,6,BF4,0,400,0,70,43.40380952380952
33,6,BF4,0,400,0,80,22.1725
34,6,BF4,0,400,0,90,33.89685185185185
35,7,BF4,0,400,1,100,37.8095
36,7,BF4,0,400,1,60,63.000277777777775
37,7,BF4,0,400,1,70,69.08690476190476
38,7,BF4,0,400,1,80,60.2275
39,7,BF4,0,400,1,90,77.5375925925926
40,8,BF4,0,450,0,100,97.07766666666666
41,8,BF4,0,450,0,60,91.87833333333333
42,8,BF4,0,450,0,70,156.85714285714286
43,8,BF4,0,450,0,80,95.95770833333333
44,8,BF4,0,450,0,90,60.31759259259259
45,9,BF4,0,450,1,100,22.805833333333332
46,9,BF4,0,450,1,60,52.29777777777778
47,9,BF4,0,450,1,70,31.58952380952381
48,9,BF4,0,450,1,80,37.63729166666667
49,9,BF4,0,450,1,90,41.821851851851854
50,10,BF4,1,250,0,100,4.267216666666666
51,10,BF4,1,250,0,60,3.785361111111111
52,10,BF4,1,250,0,70,2.77
53,10,BF4,1,250,0,80,3.5529583333333337
54,10,BF4,1,250,0,90,7.26675925925926
55,11,BF4,1,250,1,100,3.9064666666666668
56,11,BF4,1,250,1,60,2.4374777777777776
57,11,BF4,1,250,1,70,2.0863071428571427
58,11,BF4,1,250,1,80,4.382458333333333
59,11,BF4,1,250,1,90,4.579425925925926
60,12,BF4,1,300,0,100,6.161766666666667
61,12,BF4,1,300,0,60,5.885611111111111
62,12,BF4,1,300,0,70,6.9719999999999995
63,12,BF4,1,300,0,80,6.457145833333333
64,12,BF4,1,300,0,90,6.022740740740741
65,13,BF4,1,300,1,100,2.4593333333333334
66,13,BF4,1,300,1,60,0.507675
67,13,BF4,1,300,1,70,1.2117595238095238
68,13,BF4,1,300,1,80,0.7363666666666667
69,13,BF4,1,300,1,90,0.6926703703703703
70,14,BF4,1,350,0,100,10.268383333333333
71,14,BF4,1,350,0,60,29.416666666666668
72,14,BF4,1,350,0,70,12.424119047619048
73,14,BF4,1,350,0,80,20.071958333333335
74,14,BF4,1,350,0,90,14.991037037037037
75,15,BF4,1,350,1,100,8.973883333333333
76,15,BF4,1,350,1,60,3.8948333333333336
77,15,BF4,1,350,1,70,7.1272142857142855
78,15,BF4,1,350,1,80,3.7999791666666667
79,15,BF4,1,350,1,90,8.393537037037037
80,16,BF4,1,400,0,100,23.558166666666665
81,16,BF4,1,400,0,60,1.0141472222222223
82,16,BF4,1,400,0,70,3.4649285714285716
83,16,BF4,1,400,0,80,11.3485
84,16,BF4,1,400,0,90,10.551574074074075
85,17,BF4,1,400,1,100,102.583
86,17,BF4,1,400,1,60,17.60247222222222
87,17,BF4,1,400,1,70,76.57904761904761
88,17,BF4,1,400,1,80,55.864375
89,17,BF4,1,400,1,90,69.77703703703703
90,18,BF4,1,450,0,100,133.97483333333332
91,18,BF4,1,450,0,60,47.32611111111112
92,18,BF4,1,450,0,70,46.812380952380956
93,18,BF4,1,450,0,80,64.401875
94,18,BF4,1,450,0,90,79.38796296296296
95,19,BF4,1,450,1,100,171.755
96,19,BF4,1,450,1,60,200.89222222222222
97,19,BF4,1,450,1,70,202.4283333333333
98,19,BF4,1,450,1,80,229.72083333333333
99,19,BF4,1,450,1,90,171.475
100,20,BF4,2,250,0,100,4.0979833333333335
101,20,BF4,2,250,0,60,7.887027777777778
102,20,BF4,2,250,0,70,9.772714285714285
103,20,BF4,2,250,0,80,5.884979166666667
104,20,BF4,2,250,0,90,4.754370370370371
105,21,BF4,2,250,1,100,2.973
106,21,BF4,2,250,1,60,2.463825
107,21,BF4,2,250,1,70,2.036440476190476
108,21,BF4,2,250,1,80,2.4665416666666666
109,21,BF4,2,250,1,90,2.2052407407407406
110,22,BF4,2,300,0,100,14.025083333333333
111,22,BF4,2,300,0,60,19.210638888888887
112,22,BF4,2,300,0,70,16.966714285714286
113,22,BF4,2,300,0,80,9.924083333333334
114,22,BF4,2,300,0,90,8.65
115,23,BF4,2,300,1,100,22.073166666666665
116,23,BF4,2,300,1,60,6.218611111111111
117,23,BF4,2,300,1,70,8.630904761904763
118,23,BF4,2,300,1,80,27.254166666666666
119,23,BF4,2,300,1,90,20.921666666666667
120,24,BF4,2,350,0,100,23.674833333333332
121,24,BF4,2,350,0,60,11.730749999999999
122,24,BF4,2,350,0,70,17.357785714285715
123,24,BF4,2,350,0,80,14.069666666666667
124,24,BF4,2,350,0,90,6.845444444444444
125,25,BF4,2,350,1,100,4.6847
126,25,BF4,2,350,1,60,6.691416666666666
127,25,BF4,2,350,1,70,4.128309523809524
128,25,BF4,2,350,1,80,2.5315208333333334
129,25,BF4,2,350,1,90,3.3135925925925926
130,26,BF4,2,400,0,100,18.176833333333335
131,26,BF4,2,400,0,60,13.27461111111111
132,26,BF4,2,400,0,70,5.880119047619048
133,26,BF4,2,400,0,80,1.0490479166666666
134,26,BF4,2,400,0,90,7.269111111111111
135,27,BF4,2,400,1,100,70.86233333333334
136,27,BF4,2,400,1,60,33.86222222222222
137,27,BF4,2,400,1,70,50.35142857142857
138,27,BF4,2,400,1,80,57.86
139,27,BF4,2,400,1,90,67.89314814814816
140,28,BF4,2,450,0,100,9.668566666666667
141,28,BF4,2,450,0,60,45.77611111111111
142,28,BF4,2,450,0,70,56.332857142857144
143,28,BF4,2,450,0,80,17.787479166666667
144,28,BF4,2,450,0,90,29.54685185185185
145,29,BF4,2,450,1,100,20.0765
146,29,BF4,2,450,1,60,8.608555555555556
147,29,BF4,2,450,1,70,18.566714285714287
148,29,BF4,2,450,1,80,17.874062499999997
149,29,BF4,2,450,1,90,27.848148148148148
150,30,BF4,3,250,0,100,0.40276
151,30,BF4,3,250,0,60,0.24345916666666667
152,30,BF4,3,250,0,70,0.21898714285714285
153,30,BF4,3,250,0,80,0.5591291666666667
154,30,BF4,3,250,0,90,0.3159888888888889
155,31,BF4,3,250,1,100,0.096006
156,31,BF4,3,250,1,60,0.6368527777777777
157,31,BF4,3,250,1,70,0.39297380952380956
158,31,BF4,3,250,1,80,0.2427875
159,31,BF4,3,250,1,90,0.21855555555555556
160,32,BF4,3,300,0,100,4.151783333333333
161,32,BF4,3,300,0,60,5.531694444444445
162,32,BF4,3,300,0,70,3.6057380952380953
163,32,BF4,3,300,0,80,4.1117083333333335
164,32,BF4,3,300,0,90,3.6317962962962964
165,33,BF4,3,300,1,100,5.701416666666667
166,33,BF4,3,300,1,60,16.219166666666666
167,33,BF4,3,300,1,70,12.699404761904763
168,33,BF4,3,300,1,80,12.319687499999999
169,33,BF4,3,300,1,90,4.907500000000001
170,34,BF4,3,350,0,100,6.6272
171,34,BF4,3,350,0,60,2.7246805555555556
172,34,BF4,3,350,0,70,10.893952380952381
173,34,BF4,3,350,0,80,16.53183333333333
174,34,BF4,3,350,0,90,5.151944444444445
175,35,BF4,3,350,1,100,30.105833333333333
176,35,BF4,3,350,1,60,48.980555555555554
177,35,BF4,3,350,1,70,39.593333333333334
178,35,BF4,3,350,1,80,56.07604166666667
179,35,BF4,3,350,1,90,36.94851851851852
180,36,BF4,3,400,0,100,23.9
181,36,BF4,3,400,0,60,74.79777777777778
182,36,BF4,3,400,0,70,59.21047619047619
183,36,BF4,3,400,0,80,50.781666666666666
184,36,BF4,3,400,0,90,44.352037037037036
185,37,BF4,3,400,1,100,44.907333333333334
186,37,BF4,3,400,1,60,57.25833333333333
187,37,BF4,3,400,1,70,34.35928571428571
188,37,BF4,3,400,1,80,18.561562499999997
189,37,BF4,3,400,1,90,42.99833333333333
190,38,BF4,3,450,0,100,18.225333333333335
191,38,BF4,3,450,0,60,12.776805555555555
192,38,BF4,3,450,0,70,3.1254285714285714
193,38,BF4,3,450,0,80,1.247275
194,38,BF4,3,450,0,90,33.17092592592592
195,39,BF4,3,450,1,100,317.355
196,39,BF4,3,450,1,60,265.1425
197,39,BF4,3,450,1,70,261.1119047619048
198,39,BF4,3,450,1,80,299.87291666666664
199,39,BF4,3,450,1,90,330.0888888888889
200,40,BF4,4,250,0,100,1.6057666666666668
201,40,BF4,4,250,0,60,3.1543055555555553
202,40,BF4,4,250,0,70,2.241683333333333
203,40,BF4,4,250,0,80,1.99954375
204,40,BF4,4,250,0,90,1.7673314814814816
205,41,BF4,4,250,1,100,2.7529333333333335
206,41,BF4,4,250,1,60,3.3078055555555554
207,41,BF4,4,250,1,70,1.9550142857142856
208,41,BF4,4,250,1,80,3.6966041666666665
209,41,BF4,4,250,1,90,2.9661666666666666
210,42,BF4,4,300,0,100,1.7858833333333333
211,42,BF4,4,300,0,60,12.932944444444443
212,42,BF4,4,300,0,70,3.1528333333333336
213,42,BF4,4,300,0,80,1.9354104166666666
214,42,BF4,4,300,0,90,0.5261537037037037
215,43,BF4,4,300,1,100,8.221316666666667
216,43,BF4,4,300,1,60,3.8839444444444444
217,43,BF4,4,300,1,70,8.835404761904762
218,43,BF4,4,300,1,80,10.737187500000001
219,43,BF4,4,300,1,90,7.3934444444444445
220,44,BF4,4,350,0,100,15.405983333333333
221,44,BF4,4,350,0,60,2.781722222222222
222,44,BF4,4,350,0,70,4.143428571428571
223,44,BF4,4,350,0,80,8.690375
224,44,BF4,4,350,0,90,15.253814814814813
225,45,BF4,4,350,1,100,59.513333333333335
226,45,BF4,4,350,1,60,30.47361111111111
227,45,BF4,4,350,1,70,32.835952380952385
228,45,BF4,4,350,1,80,31.265833333333333
229,45,BF4,4,350,1,90,51.772962962962964
230,46,BF4,4,400,0,100,22.781833333333335
231,46,BF4,4,400,0,60,58.69972222222223
232,46,BF4,4,400,0,70,55.2952380952381
233,46,BF4,4,400,0,80,42.59645833333333
234,46,BF4,4,400,0,90,29.56574074074074
235,47,BF4,4,400,1,100,39.397
236,47,BF4,4,400,1,60,20.024277777777776
237,47,BF4,4,400,1,70,20.135238095238094
238,47,BF4,4,400,1,80,16.989833333333333
239,47,BF4,4,400,1,90,50.32555555555555
240,48,BF4,4,450,0,100,27.322666666666663
241,48,BF4,4,450,0,60,78.26666666666667
242,48,BF4,4,450,0,70,107.92380952380952
243,48,BF4,4,450,0,80,63.51541666666667
244,48,BF4,4,450,0,90,37.73574074074074
245,49,BF4,4,450,1,100,82.08416666666666
246,49,BF4,4,450,1,60,22.684833333333334
247,49,BF4,4,450,1,70,19.073833333333333
248,49,BF4,4,450,1,80,12.615083333333333
249,49,BF4,4,450,1,90,55.63814814814815
250,50,TFSI,0,250,0,100,6.5904
251,50,TFSI,0,250,0,60,3.6078333333333332
252,50,TFSI,0,250,0,70,3.8176428571428573
253,50,TFSI,0,250,0,80,3.0903541666666663
254,50,TFSI,0,250,0,90,5.315796296296297
255,51,TFSI,0,250,1,100,3.949883333333333
256,51,TFSI,0,250,1,60,6.501138888888889
257,51,TFSI,0,250,1,70,8.929690476190476
258,51,TFSI,0,250,1,80,6.877979166666666
259,51,TFSI,0,250,1,90,5.37912962962963
260,52,TFSI,0,300,0,100,2.3480666666666665
261,52,TFSI,0,300,0,60,1.0718555555555556
262,52,TFSI,0,300,0,70,0.728447619047619
263,52,TFSI,0,300,0,80,1.6095729166666668
264,52,TFSI,0,300,0,90,2.0855740740740742
265,53,TFSI,0,300,1,100,23.165
266,53,TFSI,0,300,1,60,24.679777777777776
267,53,TFSI,0,300,1,70,26.785714285714285
268,53,TFSI,0,300,1,80,28.806458333333335
269,53,TFSI,0,300,1,90,24.997962962962962
270,54,TFSI,0,350,0,100,14.597433333333331
271,54,TFSI,0,350,0,60,6.34
272,54,TFSI,0,350,0,70,15.459857142857144
273,54,TFSI,0,350,0,80,11.7686875
274,54,TFSI,0,350,0,90,15.837981481481481
275,55,TFSI,0,350,1,100,4.18325
276,55,TFSI,0,350,1,60,1.3978722222222222
277,55,TFSI,0,350,1,70,0.22258023809523808
278,55,TFSI,0,350,1,80,1.2659437500000001
279,55,TFSI,0,350,1,90,1.962277777777778
280,56,TFSI,0,400,0,100,69.69866666666667
281,56,TFSI,0,400,0,60,79.56611111111111
282,56,TFSI,0,400,0,70,74.91499999999999
283,56,TFSI,0,400,0,80,53.576458333333335
284,56,TFSI,0,400,0,90,67.05944444444444
285,57,TFSI,0,400,1,100,57.11066666666667
286,57,TFSI,0,400,1,60,75.67750000000001
287,57,TFSI,0,400,1,70,64.09309523809523
288,57,TFSI,0,400,1,80,47.48145833333333
289,57,TFSI,0,400,1,90,36.09111111111111
290,58,TFSI,0,450,0,100,21.5915
291,58,TFSI,0,450,0,60,21.552027777777777
292,58,TFSI,0,450,0,70,13.746809523809523
293,58,TFSI,0,450,0,80,13.868625
294,58,TFSI,0,450,0,90,12.94874074074074
295,59,TFSI,0,450,1,100,22.645
296,59,TFSI,0,450,1,60,40.39527777777778
297,59,TFSI,0,450,1,70,25.06119047619048
298,59,TFSI,0,450,1,80,2.2177083333333334
299,59,TFSI,0,450,1,90,10.859222222222222
300,60,TFSI,1,250,0,100,1.2195416666666667
301,60,TFSI,1,250,0,60,2.949666666666667
302,60,TFSI,1,250,0,70,1.0423047619047618
303,60,TFSI,1,250,0,80,0.8294520833333333
304,60,TFSI,1,250,0,90,0.7856888888888889
305,61,TFSI,1,250,1,100,3.1135166666666665
306,61,TFSI,1,250,1,60,4.967888888888889
307,61,TFSI,1,250,1,70,4.478666666666666
308,61,TFSI,1,250,1,80,3.4535833333333334
309,61,TFSI,1,250,1,90,2.447185185185185
310,62,TFSI,1,300,0,100,0.60839
311,62,TFSI,1,300,0,60,0.2529972222222222
312,62,TFSI,1,300,0,70,0.2459904761904762
313,62,TFSI,1,300,0,80,0.22819375
314,62,TFSI,1,300,0,90,0.1381424074074074
315,63,TFSI,1,300,1,100,3.4561833333333336
316,63,TFSI,1,300,1,60,1.0736277777777776
317,63,TFSI,1,300,1,70,2.1499261904761906
318,63,TFSI,1,300,1,80,4.7555
319,63,TFSI,1,300,1,90,6.821722222222222
320,64,TFSI,1,350,0,100,57.064166666666665
321,64,TFSI,1,350,0,60,33.617777777777775
322,64,TFSI,1,350,0,70,46.160714285714285
323,64,TFSI,1,350,0,80,54.51541666666667
324,64,TFSI,1,350,0,90,53.43944444444444
325,65,TFSI,1,350,1,100,7.128833333333334
326,65,TFSI,1,350,1,60,43.5125
327,65,TFSI,1,350,1,70,38.39071428571429
328,65,TFSI,1,350,1,80,34.747499999999995
329,65,TFSI,1,350,1,90,11.743092592592593
330,66,TFSI,1,400,0,100,14.9229
331,66,TFSI,1,400,0,60,33.286944444444444
332,66,TFSI,1,400,0,70,28.381190476190476
333,66,TFSI,1,400,0,80,26.520416666666666
334,66,TFSI,1,400,0,90,30.893148148148146
335,67,TFSI,1,400,1,100,19.380166666666668
336,67,TFSI,1,400,1,60,34.39388888888889
337,67,TFSI,1,400,1,70,23.940714285714286
338,67,TFSI,1,400,1,80,16.965791666666668
339,67,TFSI,1,400,1,90,18.86574074074074
340,68,TFSI,1,450,0,100,60.548
341,68,TFSI,1,450,0,60,17.541194444444443
342,68,TFSI,1,450,0,70,23.52504761904762
343,68,TFSI,1,450,0,80,26.485625000000002
344,68,TFSI,1,450,0,90,66.99111111111111
345,69,TFSI,1,450,1,100,2.9264166666666664
346,69,TFSI,1,450,1,60,76.91777777777779
347,69,TFSI,1,450,1,70,48.99071428571428
348,69,TFSI,1,450,1,80,13.502395833333333
349,69,TFSI,1,450,1,90,5.3379259259259255
350,70,TFSI,2,250,0,100,3.5327333333333333
351,70,TFSI,2,250,0,60,14.028527777777779
352,70,TFSI,2,250,0,70,5.6589285714285715
353,70,TFSI,2,250,0,80,5.441520833333333
354,70,TFSI,2,250,0,90,3.0390185185185183
355,71,TFSI,2,250,1,100,0.22755
356,71,TFSI,2,250,1,60,1.517872222222222
357,71,TFSI,2,250,1,70,0.7892928571428571
358,71,TFSI,2,250,1,80,0.6798229166666666
359,71,TFSI,2,250,1,90,0.41134074074074073
360,72,TFSI,2,300,0,100,9.522583333333333
361,72,TFSI,2,300,0,60,11.962472222222221
362,72,TFSI,2,300,0,70,15.653285714285715
363,72,TFSI,2,300,0,80,14.775041666666668
364,72,TFSI,2,300,0,90,13.390462962962964
365,73,TFSI,2,300,1,100,9.941
366,73,TFSI,2,300,1,60,12.372472222222223
367,73,TFSI,2,300,1,70,15.818333333333333
368,73,TFSI,2,300,1,80,10.024979166666666
369,73,TFSI,2,300,1,90,13.300500000000001
370,74,TFSI,2,350,0,100,18.109333333333336
371,74,TFSI,2,350,0,60,14.039777777777777
372,74,TFSI,2,350,0,70,14.133619047619048
373,74,TFSI,2,350,0,80,28.068958333333335
374,74,TFSI,2,350,0,90,22.054259259259258
375,75,TFSI,2,350,1,100,8.153733333333333
376,75,TFSI,2,350,1,60,4.127277777777778
377,75,TFSI,2,350,1,70,1.9988571428571429
378,75,TFSI,2,350,1,80,3.7457083333333334
379,75,TFSI,2,350,1,90,10.542814814814815
380,76,TFSI,2,400,0,100,5.720083333333334
381,76,TFSI,2,400,0,60,0.7161416666666666
382,76,TFSI,2,400,0,70,0.4634214285714286
383,76,TFSI,2,400,0,80,1.656125
384,76,TFSI,2,400,0,90,0.27325555555555553
385,77,TFSI,2,400,1,100,4.103633333333333
386,77,TFSI,2,400,1,60,8.37138888888889
387,77,TFSI,2,400,1,70,8.10254761904762
388,77,TFSI,2,400,1,80,0.5904833333333334
389,77,TFSI,2,400,1,90,2.0387037037037037
390,78,TFSI,2,450,0,100,211.20666666666668
391,78,TFSI,2,450,0,60,224.0327777777778
392,78,TFSI,2,450,0,70,187.12333333333333
393,78,TFSI,2,450,0,80,179.90770833333332
394,78,TFSI,2,450,0,90,207.13888888888889
395,79,TFSI,2,450,1,100,25.66133333333333
396,79,TFSI,2,450,1,60,5.588416666666666
397,79,TFSI,2,450,1,70,3.692428571428571
398,79,TFSI,2,450,1,80,7.795916666666667
399,79,TFSI,2,450,1,90,29.784259259259258
400,80,TFSI,3,250,0,100,1.7473666666666667
401,80,TFSI,3,250,0,60,3.2820277777777775
402,80,TFSI,3,250,0,70,3.9584047619047618
403,80,TFSI,3,250,0,80,3.6641874999999997
404,80,TFSI,3,250,0,90,1.7614092592592592
405,81,TFSI,3,250,1,100,0.40189166666666665
406,81,TFSI,3,250,1,60,0.6335027777777777
407,81,TFSI,3,250,1,70,1.1285809523809525
408,81,TFSI,3,250,1,80,1.05756875
409,81,TFSI,3,250,1,90,0.3352425925925926
410,82,TFSI,3,300,0,100,7.55175
411,82,TFSI,3,300,0,60,13.680333333333333
412,82,TFSI,3,300,0,70,12.783952380952382
413,82,TFSI,3,300,0,80,13.269166666666667
414,82,TFSI,3,300,0,90,10.905888888888889
415,83,TFSI,3,300,1,100,10.7466
416,83,TFSI,3,300,1,60,3.2495555555555553
417,83,TFSI,3,300,1,70,5.156547619047619
418,83,TFSI,3,300,1,80,15.433625000000001
419,83,TFSI,3,300,1,90,8.98624074074074
420,84,TFSI,3,350,0,100,44.49683333333333
421,84,TFSI,3,350,0,60,51.315000000000005
422,84,TFSI,3,350,0,70,41.07333333333333
423,84,TFSI,3,350,0,80,51.61625
424,84,TFSI,3,350,0,90,56.93240740740741
425,85,TFSI,3,350,1,100,13.094783333333334
426,85,TFSI,3,350,1,60,2.6779583333333337
427,85,TFSI,3,350,1,70,0.7696285714285716
428,85,TFSI,3,350,1,80,0.18158125
429,85,TFSI,3,350,1,90,1.1038351851851853
430,86,TFSI,3,400,0,100,31.220333333333336
431,86,TFSI,3,400,0,60,9.698055555555555
432,86,TFSI,3,400,0,70,2.392952380952381
433,86,TFSI,3,400,0,80,14.631916666666665
434,86,TFSI,3,400,0,90,18.141148148148147
435,87,TFSI,3,400,1,100,19.5505
436,87,TFSI,3,400,1,60,8.328972222222221
437,87,TFSI,3,400,1,70,7.882095238095238
438,87,TFSI,3,400,1,80,12.038
439,87,TFSI,3,400,1,90,11.378574074074075
440,88,TFSI,3,450,0,100,69.809
441,88,TFSI,3,450,0,60,80.29166666666667
442,88,TFSI,3,450,0,70,88.5807142857143
443,88,TFSI,3,450,0,80,63.9625
444,88,TFSI,3,450,0,90,88.85407407407406
445,89,TFSI,3,450,1,100,63.07933333333333
446,89,TFSI,3,450,1,60,131.5222222222222
447,89,TFSI,3,450,1,70,103.05690476190476
448,89,TFSI,3,450,1,80,130.93354166666666
449,89,TFSI,3,450,1,90,80.15333333333334
450,90,TFSI,4,250,0,100,5492.883333333333
451,90,TFSI,4,250,0,60,5094.166666666667
452,90,TFSI,4,250,0,70,4972.666666666667
453,90,TFSI,4,250,0,80,4731.4375
454,90,TFSI,4,250,0,90,5236.648148148148
455,91,TFSI,4,250,1,100,8216.016666666666
456,91,TFSI,4,250,1,60,4912.083333333333
457,91,TFSI,4,250,1,70,6049.785714285715
458,91,TFSI,4,250,1,80,7056.333333333333
459,91,TFSI,4,250,1,90,7697.907407407408
460,92,TFSI,4,300,0,100,14084.583333333334
461,92,TFSI,4,300,0,60,9733.527777777777
462,92,TFSI,4,300,0,70,11339.0
463,92,TFSI,4,300,0,80,13112.9375
464,92,TFSI,4,300,0,90,13676.277777777777
465,93,TFSI,4,300,1,100,7431.05
466,93,TFSI,4,300,1,60,696.1472222222222
467,93,TFSI,4,300,1,70,1048.8357142857142
468,93,TFSI,4,300,1,80,2745.1666666666665
469,93,TFSI,4,300,1,90,5133.537037037037
470,94,TFSI,4,350,0,100,1313.6833333333334
471,94,TFSI,4,350,0,60,998.8583333333333
472,94,TFSI,4,350,0,70,938.9357142857143
473,94,TFSI,4,350,0,80,989.23125
474,94,TFSI,4,350,0,90,1200.2
475,95,TFSI,4,350,1,100,3397.5333333333333
476,95,TFSI,4,350,1,60,3536.472222222222
477,95,TFSI,4,350,1,70,3161.2380952380954
478,95,TFSI,4,350,1,80,3455.8541666666665
479,95,TFSI,4,350,1,90,3353.685185185185
480,96,TFSI,4,400,0,100,1383.1333333333334
481,96,TFSI,4,400,0,60,1428.0666666666666
482,96,TFSI,4,400,0,70,1397.047619047619
483,96,TFSI,4,400,0,80,1415.6833333333334
484,96,TFSI,4,400,0,90,1579.138888888889
485,97,TFSI,4,400,1,100,1573.7433333333333
486,97,TFSI,4,400,1,60,2561.9972222222223
487,97,TFSI,4,400,1,70,2129.9690476190476
488,97,TFSI,4,400,1,80,1723.0333333333333
489,97,TFSI,4,400,1,90,1427.312962962963
490,98,TFSI,4,450,0,100,862.5366666666666
491,98,TFSI,4,450,0,60,1488.338888888889
492,98,TFSI,4,450,0,70,1529.4857142857143
493,98,TFSI,4,450,0,80,1176.5479166666667
494,98,TFSI,4,450,0,90,962.8814814814815
495,99,TFSI,4,450,1,100,724.6616666666666
496,99,TFSI,4,450,1,60,426.4916666666667
497,99,TFSI,4,450,1,70,313.7690476190476
498,99,TFSI,4,450,1,80,381.2875
499,99,TFSI,4,450,1,90,655.8703703703703
