sim_id,il_type,comp_idx,temp,efield,p_idx,D
BF4_No01_250K_ef0,BF4,0,250,0,0,17.321120489820228
BF4_No01_250K_ef1,BF4,0,250,1,5,4.8505294909492465
BF4_No01_300K_ef0,BF4,0,300,0,10,42.242429747149565
BF4_No01_300K_ef1,BF4,0,300,1,15,2.8394127929088278
BF4_No01_350K_ef0,BF4,0,350,0,20,2.082774937655859
BF4_No01_350K_ef1,BF4,0,350,1,25,3.7693263675388664
BF4_No01_400K_ef0,BF4,0,400,0,30,21.32535318730537
BF4_No01_400K_ef1,BF4,0,400,1,35,27.8788299772956
BF4_No01_450K_ef0,BF4,0,450,0,40,101.18941860280849
BF4_No01_450K_ef1,BF4,0,450,1,45,28.53104806391983
BF4_No02_250K_ef0,BF4,1,250,0,50,11.381104635798557
BF4_No02_250K_ef1,BF4,1,250,1,55,9.315205864691507
BF4_No02_300K_ef0,BF4,1,300,0,60,5.8653787359958365
BF4_No02_300K_ef1,BF4,1,300,1,65,2.9645459038969757
BF4_No02_350K_ef0,BF4,1,350,0,70,3.874970666276018
BF4_No02_350K_ef1,BF4,1,350,1,75,14.322336834530597
BF4_No02_400K_ef0,BF4,1,400,0,80,51.51578516271516
BF4_No02_400K_ef1,BF4,1,400,1,85,161.36804879592069
BF4_No02_450K_ef0,BF4,1,450,0,90,216.08794794729593
BF4_No02_450K_ef1,BF4,1,450,1,95,77.77124427736632
BF4_No03_250K_ef0,BF4,2,250,0,100,3.8245241420561418
BF4_No03_250K_ef1,BF4,2,250,1,105,2.7489536705499944
BF4_No03_300K_ef0,BF4,2,300,0,110,0.2114865603404437
BF4_No03_300K_ef1,BF4,2,300,1,115,55.43846862631978
BF4_No03_350K_ef0,BF4,2,350,0,120,11.487734736541734
BF4_No03_350K_ef1,BF4,2,350,1,125,0.0
BF4_No03_400K_ef0,BF4,2,400,0,130,11.214345220282631
BF4_No03_400K_ef1,BF4,2,400,1,135,146.08637188124237
BF4_No03_450K_ef0,BF4,2,450,0,140,16.27870714184371
BF4_No03_450K_ef1,BF4,2,450,1,145,40.10314220667239
BF4_No04_250K_ef0,BF4,3,250,0,150,0.23821054530961175
BF4_No04_250K_ef1,BF4,3,250,1,155,0.06611111668411676
BF4_No04_300K_ef0,BF4,3,300,0,160,0.2783463623280099
BF4_No04_300K_ef1,BF4,3,300,1,165,6.256838168066868
BF4_No04_350K_ef0,BF4,3,350,0,170,12.374576671835252
BF4_No04_350K_ef1,BF4,3,350,1,175,6.055373537549165
BF4_No04_400K_ef0,BF4,3,400,0,180,29.14683205259321
BF4_No04_400K_ef1,BF4,3,400,1,185,55.9629934150941
BF4_No04_450K_ef0,BF4,3,450,0,190,78.24798192516216
BF4_No04_450K_ef1,BF4,3,450,1,195,438.0945683676385
BF4_No05_250K_ef0,BF4,4,250,0,200,0.17486929600536527
BF4_No05_250K_ef1,BF4,4,250,1,205,3.6314257549534172
BF4_No05_300K_ef0,BF4,4,300,0,210,0.0
BF4_No05_300K_ef1,BF4,4,300,1,215,12.866055194724632
BF4_No05_350K_ef0,BF4,4,350,0,220,41.1044954380219
BF4_No05_350K_ef1,BF4,4,350,1,225,106.89496930249008
BF4_No05_400K_ef0,BF4,4,400,0,230,19.85558986480641
BF4_No05_400K_ef1,BF4,4,400,1,235,101.7533971197629
BF4_No05_450K_ef0,BF4,4,450,0,240,11.74434426380543
BF4_No05_450K_ef1,BF4,4,450,1,245,194.81683944057772
TFSI_No01_250K_ef0,TFSI,0,250,0,250,9.64513202689793
TFSI_No01_250K_ef1,TFSI,0,250,1,255,7.3781995613622975
TFSI_No01_300K_ef0,TFSI,0,300,0,260,4.833372457227579
TFSI_No01_300K_ef1,TFSI,0,300,1,265,26.29433608143819
TFSI_No01_350K_ef0,TFSI,0,350,0,270,16.22690515936527
TFSI_No01_350K_ef1,TFSI,0,350,1,275,9.230885636282435
TFSI_No01_400K_ef0,TFSI,0,400,0,280,86.22446092480241
TFSI_No01_400K_ef1,TFSI,0,400,1,285,9.208969196779824
TFSI_No01_450K_ef0,TFSI,0,450,0,290,31.030192001339966
TFSI_No01_450K_ef1,TFSI,0,450,1,295,10.26968921814921
TFSI_No02_250K_ef0,TFSI,1,250,0,300,0.0790104968150784
TFSI_No02_250K_ef1,TFSI,1,250,1,305,1.6232366783489285
TFSI_No02_300K_ef0,TFSI,1,300,0,310,0.44468290188707343
TFSI_No02_300K_ef1,TFSI,1,300,1,315,13.941082393208527
TFSI_No02_350K_ef0,TFSI,1,350,0,320,95.85438493318945
TFSI_No02_350K_ef1,TFSI,1,350,1,325,3.329988607211669
TFSI_No02_400K_ef0,TFSI,1,400,0,330,17.29480710537089
TFSI_No02_400K_ef1,TFSI,1,400,1,335,8.291081909442187
TFSI_No02_450K_ef0,TFSI,1,450,0,340,186.52099589024945
TFSI_No02_450K_ef1,TFSI,1,450,1,345,0.0
TFSI_No03_250K_ef0,TFSI,2,250,0,350,2.4149446464519166
TFSI_No03_250K_ef1,TFSI,2,250,1,355,0.25863109316009286
TFSI_No03_300K_ef0,TFSI,2,300,0,360,4.0360028752745025
TFSI_No03_300K_ef1,TFSI,2,300,1,365,10.153897253135826
TFSI_No03_350K_ef0,TFSI,2,350,0,370,38.5103155699061
TFSI_No03_350K_ef1,TFSI,2,350,1,375,21.78161738160819
TFSI_No03_400K_ef0,TFSI,2,400,0,380,5.427896961421076
TFSI_No03_400K_ef1,TFSI,2,400,1,385,2.793785123795122
TFSI_No03_450K_ef0,TFSI,2,450,0,390,243.66315883177631
TFSI_No03_450K_ef1,TFSI,2,450,1,395,74.2104423543133
TFSI_No04_250K_ef0,TFSI,3,250,0,400,1.7286938581507787
TFSI_No04_250K_ef1,TFSI,3,250,1,405,0.3820719671171638
TFSI_No04_300K_ef0,TFSI,3,300,0,410,4.524450810111613
TFSI_No04_300K_ef1,TFSI,3,300,1,415,20.85937079068503
TFSI_No04_350K_ef0,TFSI,3,350,0,420,59.390746206622765
TFSI_No04_350K_ef1,TFSI,3,350,1,425,19.922580650519247
TFSI_No04_400K_ef0,TFSI,3,400,0,430,47.38758826100176
TFSI_No04_400K_ef1,TFSI,3,400,1,435,21.188842700462818
TFSI_No04_450K_ef0,TFSI,3,450,0,440,95.3074539707945
TFSI_No04_450K_ef1,TFSI,3,450,1,445,35.63414306720255
TFSI_No05_250K_ef0,TFSI,4,250,0,450,6241.421272688927
TFSI_No05_250K_ef1,TFSI,4,250,1,455,13290.992099973948
TFSI_No05_300K_ef0,TFSI,4,300,0,460,20351.52542772423
TFSI_No05_300K_ef1,TFSI,4,300,1,465,18822.929606332433
TFSI_No05_350K_ef0,TFSI,4,350,0,470,2048.7654092380994
TFSI_No05_350K_ef1,TFSI,4,350,1,475,3485.3770796888402
TFSI_No05_400K_ef0,TFSI,4,400,0,480,1578.001621567971
TFSI_No05_400K_ef1,TFSI,4,400,1,485,444.7395593802644
TFSI_No05_450K_ef0,TFSI,4,450,0,490,553.740194913241
TFSI_No05_450K_ef1,TFSI,4,450,1,495,1549.4172749097415
