p_idx,il_type,comp_idx,temp,efield,snap,D_recalc
0,BF4,1,250,0,10ns,12.871441338227351
1,BF4,1,250,0,6ns,12.871441338227351
2,BF4,1,250,0,7ns,12.871441338227351
3,BF4,1,250,0,8ns,12.871441338227351
4,BF4,1,250,0,9ns,12.871441338227351
5,BF4,1,250,1,10ns,8.003540149031796
6,BF4,1,250,1,6ns,8.003540149031796
7,BF4,1,250,1,7ns,8.003540149031796
8,BF4,1,250,1,8ns,8.003540149031796
9,BF4,1,250,1,9ns,8.003540149031796
10,BF4,1,300,0,10ns,23.129360616856747
11,BF4,1,300,0,6ns,23.129360616856747
12,BF4,1,300,0,7ns,23.129360616856747
13,BF4,1,300,0,8ns,23.129360616856747
14,BF4,1,300,0,9ns,23.129360616856747
15,BF4,1,300,1,10ns,2.8394127929088278
16,BF4,1,300,1,6ns,2.8394127929088278
17,BF4,1,300,1,7ns,2.8394127929088278
18,BF4,1,300,1,8ns,2.8394127929088278
19,BF4,1,300,1,9ns,2.8394127929088278
20,BF4,1,350,0,10ns,0.0
21,BF4,1,350,0,6ns,0.0
22,BF4,1,350,0,7ns,0.0
23,BF4,1,350,0,8ns,0.0
24,BF4,1,350,0,9ns,0.0
25,BF4,1,350,1,10ns,5.603709608201908
26,BF4,1,350,1,6ns,5.603709608201908
27,BF4,1,350,1,7ns,5.603709608201908
28,BF4,1,350,1,8ns,5.603709608201908
29,BF4,1,350,1,9ns,5.603709608201908
30,BF4,1,400,0,10ns,38.65991818913844
31,BF4,1,400,0,6ns,38.65991818913844
32,BF4,1,400,0,7ns,38.65991818913844
33,BF4,1,400,0,8ns,38.65991818913844
34,BF4,1,400,0,9ns,38.65991818913844
35,BF4,1,400,1,10ns,52.70216442510921
36,BF4,1,400,1,6ns,52.70216442510921
37,BF4,1,400,1,7ns,52.70216442510921
38,BF4,1,400,1,8ns,52.70216442510921
39,BF4,1,400,1,9ns,52.70216442510921
40,BF4,1,450,0,10ns,101.18941860280849
41,BF4,1,450,0,6ns,101.18941860280849
42,BF4,1,450,0,7ns,101.18941860280849
43,BF4,1,450,0,8ns,101.18941860280849
44,BF4,1,450,0,9ns,101.18941860280849
45,BF4,1,450,1,10ns,22.56850719226516
46,BF4,1,450,1,6ns,22.56850719226516
47,BF4,1,450,1,7ns,22.56850719226516
48,BF4,1,450,1,8ns,22.56850719226516
49,BF4,1,450,1,9ns,22.56850719226516
50,BF4,2,250,0,10ns,9.911236105844273
51,BF4,2,250,0,6ns,9.911236105844273
52,BF4,2,250,0,7ns,9.911236105844273
53,BF4,2,250,0,8ns,9.911236105844273
54,BF4,2,250,0,9ns,9.911236105844273
55,BF4,2,250,1,10ns,8.470004456304828
56,BF4,2,250,1,6ns,8.470004456304828
57,BF4,2,250,1,7ns,8.470004456304828
58,BF4,2,250,1,8ns,8.470004456304828
59,BF4,2,250,1,9ns,8.470004456304828
60,BF4,2,300,0,10ns,6.107154582893409
61,BF4,2,300,0,6ns,6.107154582893409
62,BF4,2,300,0,7ns,6.107154582893409
63,BF4,2,300,0,8ns,6.107154582893409
64,BF4,2,300,0,9ns,6.107154582893409
65,BF4,2,300,1,10ns,1.5442610847922345
66,BF4,2,300,1,6ns,1.5442610847922345
67,BF4,2,300,1,7ns,1.5442610847922345
68,BF4,2,300,1,8ns,1.5442610847922345
69,BF4,2,300,1,9ns,1.5442610847922345
70,BF4,2,350,0,10ns,3.874970666276018
71,BF4,2,350,0,6ns,3.874970666276018
72,BF4,2,350,0,7ns,3.874970666276018
73,BF4,2,350,0,8ns,3.874970666276018
74,BF4,2,350,0,9ns,3.874970666276018
75,BF4,2,350,1,10ns,13.859544077810533
76,BF4,2,350,1,6ns,13.859544077810533
77,BF4,2,350,1,7ns,13.859544077810533
78,BF4,2,350,1,8ns,13.859544077810533
79,BF4,2,350,1,9ns,13.859544077810533
80,BF4,2,400,0,10ns,29.458620372100366
81,BF4,2,400,0,6ns,29.458620372100366
82,BF4,2,400,0,7ns,29.458620372100366
83,BF4,2,400,0,8ns,29.458620372100366
84,BF4,2,400,0,9ns,29.458620372100366
85,BF4,2,400,1,10ns,158.18424138138178
86,BF4,2,400,1,6ns,158.18424138138178
87,BF4,2,400,1,7ns,158.18424138138178
88,BF4,2,400,1,8ns,158.18424138138178
89,BF4,2,400,1,9ns,158.18424138138178
90,BF4,2,450,0,10ns,144.26525946051538
91,BF4,2,450,0,6ns,144.26525946051538
92,BF4,2,450,0,7ns,144.26525946051538
93,BF4,2,450,0,8ns,144.26525946051538
94,BF4,2,450,0,9ns,144.26525946051538
95,BF4,2,450,1,10ns,30.38215353517486
96,BF4,2,450,1,6ns,30.38215353517486
97,BF4,2,450,1,7ns,30.38215353517486
98,BF4,2,450,1,8ns,30.38215353517486
99,BF4,2,450,1,9ns,30.38215353517486
100,BF4,3,250,0,10ns,3.8245241420561418
101,BF4,3,250,0,6ns,3.8245241420561418
102,BF4,3,250,0,7ns,3.8245241420561418
103,BF4,3,250,0,8ns,3.8245241420561418
104,BF4,3,250,0,9ns,3.8245241420561418
105,BF4,3,250,1,10ns,0.7643547523230936
106,BF4,3,250,1,6ns,0.7643547523230936
107,BF4,3,250,1,7ns,0.7643547523230936
108,BF4,3,250,1,8ns,0.7643547523230936
109,BF4,3,250,1,9ns,0.7643547523230936
110,BF4,3,300,0,10ns,4.996278994305748
111,BF4,3,300,0,6ns,4.996278994305748
112,BF4,3,300,0,7ns,4.996278994305748
113,BF4,3,300,0,8ns,4.996278994305748
114,BF4,3,300,0,9ns,4.996278994305748
115,BF4,3,300,1,10ns,35.03880685015562
116,BF4,3,300,1,6ns,35.03880685015562
117,BF4,3,300,1,7ns,35.03880685015562
118,BF4,3,300,1,8ns,35.03880685015562
119,BF4,3,300,1,9ns,35.03880685015562
120,BF4,3,350,0,10ns,11.43566123367662
121,BF4,3,350,0,6ns,11.43566123367662
122,BF4,3,350,0,7ns,11.43566123367662
123,BF4,3,350,0,8ns,11.43566123367662
124,BF4,3,350,0,9ns,11.43566123367662
125,BF4,3,350,1,10ns,0.0
126,BF4,3,350,1,6ns,0.0
127,BF4,3,350,1,7ns,0.0
128,BF4,3,350,1,8ns,0.0
129,BF4,3,350,1,9ns,0.0
130,BF4,3,400,0,10ns,4.488522472023479
131,BF4,3,400,0,6ns,4.488522472023479
132,BF4,3,400,0,7ns,4.488522472023479
133,BF4,3,400,0,8ns,4.488522472023479
134,BF4,3,400,0,9ns,4.488522472023479
135,BF4,3,400,1,10ns,119.87476138606196
136,BF4,3,400,1,6ns,119.87476138606196
137,BF4,3,400,1,7ns,119.87476138606196
138,BF4,3,400,1,8ns,119.87476138606196
139,BF4,3,400,1,9ns,119.87476138606196
140,BF4,3,450,0,10ns,16.27870714184371
141,BF4,3,450,0,6ns,16.27870714184371
142,BF4,3,450,0,7ns,16.27870714184371
143,BF4,3,450,0,8ns,16.27870714184371
144,BF4,3,450,0,9ns,16.27870714184371
145,BF4,3,450,1,10ns,30.901196944461322
146,BF4,3,450,1,6ns,30.901196944461322
147,BF4,3,450,1,7ns,30.901196944461322
148,BF4,3,450,1,8ns,30.901196944461322
149,BF4,3,450,1,9ns,30.901196944461322
150,BF4,4,250,0,10ns,0.32022671673088193
151,BF4,4,250,0,6ns,0.32022671673088193
152,BF4,4,250,0,7ns,0.32022671673088193
153,BF4,4,250,0,8ns,0.32022671673088193
154,BF4,4,250,0,9ns,0.32022671673088193
155,BF4,4,250,1,10ns,0.06611111668411676
156,BF4,4,250,1,6ns,0.06611111668411676
157,BF4,4,250,1,7ns,0.06611111668411676
158,BF4,4,250,1,8ns,0.06611111668411676
159,BF4,4,250,1,9ns,0.06611111668411676
160,BF4,4,300,0,10ns,1.6030424270733719
161,BF4,4,300,0,6ns,1.6030424270733719
162,BF4,4,300,0,7ns,1.6030424270733719
163,BF4,4,300,0,8ns,1.6030424270733719
164,BF4,4,300,0,9ns,1.6030424270733719
165,BF4,4,300,1,10ns,6.256838168066868
166,BF4,4,300,1,6ns,6.256838168066868
167,BF4,4,300,1,7ns,6.256838168066868
168,BF4,4,300,1,8ns,6.256838168066868
169,BF4,4,300,1,9ns,6.256838168066868
170,BF4,4,350,0,10ns,12.374576671835252
171,BF4,4,350,0,6ns,12.374576671835252
172,BF4,4,350,0,7ns,12.374576671835252
173,BF4,4,350,0,8ns,12.374576671835252
174,BF4,4,350,0,9ns,12.374576671835252
175,BF4,4,350,1,10ns,47.24325154707083
176,BF4,4,350,1,6ns,47.24325154707083
177,BF4,4,350,1,7ns,47.24325154707083
178,BF4,4,350,1,8ns,47.24325154707083
179,BF4,4,350,1,9ns,47.24325154707083
180,BF4,4,400,0,10ns,29.14683205259321
181,BF4,4,400,0,6ns,29.14683205259321
182,BF4,4,400,0,7ns,29.14683205259321
183,BF4,4,400,0,8ns,29.14683205259321
184,BF4,4,400,0,9ns,29.14683205259321
185,BF4,4,400,1,10ns,1.8973457900971706
186,BF4,4,400,1,6ns,1.8973457900971706
187,BF4,4,400,1,7ns,1.8973457900971706
188,BF4,4,400,1,8ns,1.8973457900971706
189,BF4,4,400,1,9ns,1.8973457900971706
190,BF4,4,450,0,10ns,33.590771936768355
191,BF4,4,450,0,6ns,33.590771936768355
192,BF4,4,450,0,7ns,33.590771936768355
193,BF4,4,450,0,8ns,33.590771936768355
194,BF4,4,450,0,9ns,33.590771936768355
195,BF4,4,450,1,10ns,474.6250415881243
196,BF4,4,450,1,6ns,474.6250415881243
197,BF4,4,450,1,7ns,474.6250415881243
198,BF4,4,450,1,8ns,474.6250415881243
199,BF4,4,450,1,9ns,474.6250415881243
200,BF4,5,250,0,10ns,0.17486929600536527
201,BF4,5,250,0,6ns,0.17486929600536527
202,BF4,5,250,0,7ns,0.17486929600536527
203,BF4,5,250,0,8ns,0.17486929600536527
204,BF4,5,250,0,9ns,0.17486929600536527
205,BF4,5,250,1,10ns,2.6682598311599546
206,BF4,5,250,1,6ns,2.6682598311599546
207,BF4,5,250,1,7ns,2.6682598311599546
208,BF4,5,250,1,8ns,2.6682598311599546
209,BF4,5,250,1,9ns,2.6682598311599546
210,BF4,5,300,0,10ns,0.0
211,BF4,5,300,0,6ns,0.0
212,BF4,5,300,0,7ns,0.0
213,BF4,5,300,0,8ns,0.0
214,BF4,5,300,0,9ns,0.0
215,BF4,5,300,1,10ns,1.3578065940302493
216,BF4,5,300,1,6ns,1.3578065940302493
217,BF4,5,300,1,7ns,1.3578065940302493
218,BF4,5,300,1,8ns,1.3578065940302493
219,BF4,5,300,1,9ns,1.3578065940302493
220,BF4,5,350,0,10ns,28.23925704160473
221,BF4,5,350,0,6ns,28.23925704160473
222,BF4,5,350,0,7ns,28.23925704160473
223,BF4,5,350,0,8ns,28.23925704160473
224,BF4,5,350,0,9ns,28.23925704160473
225,BF4,5,350,1,10ns,74.85069738144075
226,BF4,5,350,1,6ns,74.85069738144075
227,BF4,5,350,1,7ns,74.85069738144075
228,BF4,5,350,1,8ns,74.85069738144075
229,BF4,5,350,1,9ns,74.85069738144075
230,BF4,5,400,0,10ns,19.85558986480641
231,BF4,5,400,0,6ns,19.85558986480641
232,BF4,5,400,0,7ns,19.85558986480641
233,BF4,5,400,0,8ns,19.85558986480641
234,BF4,5,400,0,9ns,19.85558986480641
235,BF4,5,400,1,10ns,67.99697880516608
236,BF4,5,400,1,6ns,67.99697880516608
237,BF4,5,400,1,7ns,67.99697880516608
238,BF4,5,400,1,8ns,67.99697880516608
239,BF4,5,400,1,9ns,67.99697880516608
240,BF4,5,450,0,10ns,11.74434426380543
241,BF4,5,450,0,6ns,11.74434426380543
242,BF4,5,450,0,7ns,11.74434426380543
243,BF4,5,450,0,8ns,11.74434426380543
244,BF4,5,450,0,9ns,11.74434426380543
245,BF4,5,450,1,10ns,106.21978350681682
246,BF4,5,450,1,6ns,106.21978350681682
247,BF4,5,450,1,7ns,106.21978350681682
248,BF4,5,450,1,8ns,106.21978350681682
249,BF4,5,450,1,9ns,106.21978350681682
250,TFSI,1,250,0,10ns,6.1332441074584105
251,TFSI,1,250,0,6ns,6.1332441074584105
252,TFSI,1,250,0,7ns,6.1332441074584105
253,TFSI,1,250,0,8ns,6.1332441074584105
254,TFSI,1,250,0,9ns,6.1332441074584105
255,TFSI,1,250,1,10ns,7.3781995613622975
256,TFSI,1,250,1,6ns,7.3781995613622975
257,TFSI,1,250,1,7ns,7.3781995613622975
258,TFSI,1,250,1,8ns,7.3781995613622975
259,TFSI,1,250,1,9ns,7.3781995613622975
260,TFSI,1,300,0,10ns,2.2666225968900124
261,TFSI,1,300,0,6ns,2.2666225968900124
262,TFSI,1,300,0,7ns,2.2666225968900124
263,TFSI,1,300,0,8ns,2.2666225968900124
264,TFSI,1,300,0,9ns,2.2666225968900124
265,TFSI,1,300,1,10ns,30.742375566377927
266,TFSI,1,300,1,6ns,30.742375566377927
267,TFSI,1,300,1,7ns,30.742375566377927
268,TFSI,1,300,1,8ns,30.742375566377927
269,TFSI,1,300,1,9ns,30.742375566377927
270,TFSI,1,350,0,10ns,24.596538918616634
271,TFSI,1,350,0,6ns,24.596538918616634
272,TFSI,1,350,0,7ns,24.596538918616634
273,TFSI,1,350,0,8ns,24.596538918616634
274,TFSI,1,350,0,9ns,24.596538918616634
275,TFSI,1,350,1,10ns,4.303416363996514
276,TFSI,1,350,1,6ns,4.303416363996514
277,TFSI,1,350,1,7ns,4.303416363996514
278,TFSI,1,350,1,8ns,4.303416363996514
279,TFSI,1,350,1,9ns,4.303416363996514
280,TFSI,1,400,0,10ns,73.99992827568671
281,TFSI,1,400,0,6ns,73.99992827568671
282,TFSI,1,400,0,7ns,73.99992827568671
283,TFSI,1,400,0,8ns,73.99992827568671
284,TFSI,1,400,0,9ns,73.99992827568671
285,TFSI,1,400,1,10ns,9.208969196779824
286,TFSI,1,400,1,6ns,9.208969196779824
287,TFSI,1,400,1,7ns,9.208969196779824
288,TFSI,1,400,1,8ns,9.208969196779824
289,TFSI,1,400,1,9ns,9.208969196779824
290,TFSI,1,450,0,10ns,6.955465832142493
291,TFSI,1,450,0,6ns,6.955465832142493
292,TFSI,1,450,0,7ns,6.955465832142493
293,TFSI,1,450,0,8ns,6.955465832142493
294,TFSI,1,450,0,9ns,6.955465832142493
295,TFSI,1,450,1,10ns,10.26968921814921
296,TFSI,1,450,1,6ns,10.26968921814921
297,TFSI,1,450,1,7ns,10.26968921814921
298,TFSI,1,450,1,8ns,10.26968921814921
299,TFSI,1,450,1,9ns,10.26968921814921
300,TFSI,2,250,0,10ns,0.0790104968150784
301,TFSI,2,250,0,6ns,0.0790104968150784
302,TFSI,2,250,0,7ns,0.0790104968150784
303,TFSI,2,250,0,8ns,0.0790104968150784
304,TFSI,2,250,0,9ns,0.0790104968150784
305,TFSI,2,250,1,10ns,1.6232366783489285
306,TFSI,2,250,1,6ns,1.6232366783489285
307,TFSI,2,250,1,7ns,1.6232366783489285
308,TFSI,2,250,1,8ns,1.6232366783489285
309,TFSI,2,250,1,9ns,1.6232366783489285
310,TFSI,2,300,0,10ns,0.0
311,TFSI,2,300,0,6ns,0.0
312,TFSI,2,300,0,7ns,0.0
313,TFSI,2,300,0,8ns,0.0
314,TFSI,2,300,0,9ns,0.0
315,TFSI,2,300,1,10ns,10.720630217494657
316,TFSI,2,300,1,6ns,10.720630217494657
317,TFSI,2,300,1,7ns,10.720630217494657
318,TFSI,2,300,1,8ns,10.720630217494657
319,TFSI,2,300,1,9ns,10.720630217494657
320,TFSI,2,350,0,10ns,88.58410722070818
321,TFSI,2,350,0,6ns,88.58410722070818
322,TFSI,2,350,0,7ns,88.58410722070818
323,TFSI,2,350,0,8ns,88.58410722070818
324,TFSI,2,350,0,9ns,88.58410722070818
325,TFSI,2,350,1,10ns,3.329988607211669
326,TFSI,2,350,1,6ns,3.329988607211669
327,TFSI,2,350,1,7ns,3.329988607211669
328,TFSI,2,350,1,8ns,3.329988607211669
329,TFSI,2,350,1,9ns,3.329988607211669
330,TFSI,2,400,0,10ns,22.06079768307896
331,TFSI,2,400,0,6ns,22.06079768307896
332,TFSI,2,400,0,7ns,22.06079768307896
333,TFSI,2,400,0,8ns,22.06079768307896
334,TFSI,2,400,0,9ns,22.06079768307896
335,TFSI,2,400,1,10ns,8.291081909442187
336,TFSI,2,400,1,6ns,8.291081909442187
337,TFSI,2,400,1,7ns,8.291081909442187
338,TFSI,2,400,1,8ns,8.291081909442187
339,TFSI,2,400,1,9ns,8.291081909442187
340,TFSI,2,450,0,10ns,115.16893550247562
341,TFSI,2,450,0,6ns,115.16893550247562
342,TFSI,2,450,0,7ns,115.16893550247562
343,TFSI,2,450,0,8ns,115.16893550247562
344,TFSI,2,450,0,9ns,115.16893550247562
345,TFSI,2,450,1,10ns,0.0
346,TFSI,2,450,1,6ns,0.0
347,TFSI,2,450,1,7ns,0.0
348,TFSI,2,450,1,8ns,0.0
349,TFSI,2,450,1,9ns,0.0
350,TFSI,3,250,0,10ns,2.4149446464519166
351,TFSI,3,250,0,6ns,2.4149446464519166
352,TFSI,3,250,0,7ns,2.4149446464519166
353,TFSI,3,250,0,8ns,2.4149446464519166
354,TFSI,3,250,0,9ns,2.4149446464519166
355,TFSI,3,250,1,10ns,0.25863109316009286
356,TFSI,3,250,1,6ns,0.25863109316009286
357,TFSI,3,250,1,7ns,0.25863109316009286
358,TFSI,3,250,1,8ns,0.25863109316009286
359,TFSI,3,250,1,9ns,0.25863109316009286
360,TFSI,3,300,0,10ns,13.932880863934782
361,TFSI,3,300,0,6ns,13.932880863934782
362,TFSI,3,300,0,7ns,13.932880863934782
363,TFSI,3,300,0,8ns,13.932880863934782
364,TFSI,3,300,0,9ns,13.932880863934782
365,TFSI,3,300,1,10ns,17.349237215383024
366,TFSI,3,300,1,6ns,17.349237215383024
367,TFSI,3,300,1,7ns,17.349237215383024
368,TFSI,3,300,1,8ns,17.349237215383024
369,TFSI,3,300,1,9ns,17.349237215383024
370,TFSI,3,350,0,10ns,41.16021373534883
371,TFSI,3,350,0,6ns,41.16021373534883
372,TFSI,3,350,0,7ns,41.16021373534883
373,TFSI,3,350,0,8ns,41.16021373534883
374,TFSI,3,350,0,9ns,41.16021373534883
375,TFSI,3,350,1,10ns,6.646072337263664
376,TFSI,3,350,1,6ns,6.646072337263664
377,TFSI,3,350,1,7ns,6.646072337263664
378,TFSI,3,350,1,8ns,6.646072337263664
379,TFSI,3,350,1,9ns,6.646072337263664
380,TFSI,3,400,0,10ns,3.6408176717744336
381,TFSI,3,400,0,6ns,3.6408176717744336
382,TFSI,3,400,0,7ns,3.6408176717744336
383,TFSI,3,400,0,8ns,3.6408176717744336
384,TFSI,3,400,0,9ns,3.6408176717744336
385,TFSI,3,400,1,10ns,2.793785123795122
386,TFSI,3,400,1,6ns,2.793785123795122
387,TFSI,3,400,1,7ns,2.793785123795122
388,TFSI,3,400,1,8ns,2.793785123795122
389,TFSI,3,400,1,9ns,2.793785123795122
390,TFSI,3,450,0,10ns,147.84111534301454
391,TFSI,3,450,0,6ns,147.84111534301454
392,TFSI,3,450,0,7ns,147.84111534301454
393,TFSI,3,450,0,8ns,147.84111534301454
394,TFSI,3,450,0,9ns,147.84111534301454
395,TFSI,3,450,1,10ns,27.82234212064425
396,TFSI,3,450,1,6ns,27.82234212064425
397,TFSI,3,450,1,7ns,27.82234212064425
398,TFSI,3,450,1,8ns,27.82234212064425
399,TFSI,3,450,1,9ns,27.82234212064425
400,TFSI,4,250,0,10ns,1.7286938581507787
401,TFSI,4,250,0,6ns,1.7286938581507787
402,TFSI,4,250,0,7ns,1.7286938581507787
403,TFSI,4,250,0,8ns,1.7286938581507787
404,TFSI,4,250,0,9ns,1.7286938581507787
405,TFSI,4,250,1,10ns,0.3820719671171638
406,TFSI,4,250,1,6ns,0.3820719671171638
407,TFSI,4,250,1,7ns,0.3820719671171638
408,TFSI,4,250,1,8ns,0.3820719671171638
409,TFSI,4,250,1,9ns,0.3820719671171638
410,TFSI,4,300,0,10ns,4.524450810111613
411,TFSI,4,300,0,6ns,4.524450810111613
412,TFSI,4,300,0,7ns,4.524450810111613
413,TFSI,4,300,0,8ns,4.524450810111613
414,TFSI,4,300,0,9ns,4.524450810111613
415,TFSI,4,300,1,10ns,17.247399437998336
416,TFSI,4,300,1,6ns,17.247399437998336
417,TFSI,4,300,1,7ns,17.247399437998336
418,TFSI,4,300,1,8ns,17.247399437998336
419,TFSI,4,300,1,9ns,17.247399437998336
420,TFSI,4,350,0,10ns,34.43625355857625
421,TFSI,4,350,0,6ns,34.43625355857625
422,TFSI,4,350,0,7ns,34.43625355857625
423,TFSI,4,350,0,8ns,34.43625355857625
424,TFSI,4,350,0,9ns,34.43625355857625
425,TFSI,4,350,1,10ns,2.815076465166032
426,TFSI,4,350,1,6ns,2.815076465166032
427,TFSI,4,350,1,7ns,2.815076465166032
428,TFSI,4,350,1,8ns,2.815076465166032
429,TFSI,4,350,1,9ns,2.815076465166032
430,TFSI,4,400,0,10ns,7.543383472087478
431,TFSI,4,400,0,6ns,7.543383472087478
432,TFSI,4,400,0,7ns,7.543383472087478
433,TFSI,4,400,0,8ns,7.543383472087478
434,TFSI,4,400,0,9ns,7.543383472087478
435,TFSI,4,400,1,10ns,19.19699508801315
436,TFSI,4,400,1,6ns,19.19699508801315
437,TFSI,4,400,1,7ns,19.19699508801315
438,TFSI,4,400,1,8ns,19.19699508801315
439,TFSI,4,400,1,9ns,19.19699508801315
440,TFSI,4,450,0,10ns,119.8740015570212
441,TFSI,4,450,0,6ns,119.8740015570212
442,TFSI,4,450,0,7ns,119.8740015570212
443,TFSI,4,450,0,8ns,119.8740015570212
444,TFSI,4,450,0,9ns,119.8740015570212
445,TFSI,4,450,1,10ns,35.63414306720255
446,TFSI,4,450,1,6ns,35.63414306720255
447,TFSI,4,450,1,7ns,35.63414306720255
448,TFSI,4,450,1,8ns,35.63414306720255
449,TFSI,4,450,1,9ns,35.63414306720255
450,TFSI,5,250,0,10ns,5742.318480826532
451,TFSI,5,250,0,6ns,5742.318480826532
452,TFSI,5,250,0,7ns,5742.318480826532
453,TFSI,5,250,0,8ns,5742.318480826532
454,TFSI,5,250,0,9ns,5742.318480826532
455,TFSI,5,250,1,10ns,12134.890249731436
456,TFSI,5,250,1,6ns,12134.890249731436
457,TFSI,5,250,1,7ns,12134.890249731436
458,TFSI,5,250,1,8ns,12134.890249731436
459,TFSI,5,250,1,9ns,12134.890249731436
460,TFSI,5,300,0,10ns,18783.63236337372
461,TFSI,5,300,0,6ns,18783.63236337372
462,TFSI,5,300,0,7ns,18783.63236337372
463,TFSI,5,300,0,8ns,18783.63236337372
464,TFSI,5,300,0,9ns,18783.63236337372
465,TFSI,5,300,1,10ns,11505.705065146138
466,TFSI,5,300,1,6ns,11505.705065146138
467,TFSI,5,300,1,7ns,11505.705065146138
468,TFSI,5,300,1,8ns,11505.705065146138
469,TFSI,5,300,1,9ns,11505.705065146138
470,TFSI,5,350,0,10ns,1244.8583079511252
471,TFSI,5,350,0,6ns,1244.8583079511252
472,TFSI,5,350,0,7ns,1244.8583079511252
473,TFSI,5,350,0,8ns,1244.8583079511252
474,TFSI,5,350,0,9ns,1244.8583079511252
475,TFSI,5,350,1,10ns,2437.1984566143915
476,TFSI,5,350,1,6ns,2437.1984566143915
477,TFSI,5,350,1,7ns,2437.1984566143915
478,TFSI,5,350,1,8ns,2437.1984566143915
479,TFSI,5,350,1,9ns,2437.1984566143915
480,TFSI,5,400,0,10ns,2007.6566440576162
481,TFSI,5,400,0,6ns,2007.6566440576162
482,TFSI,5,400,0,7ns,2007.6566440576162
483,TFSI,5,400,0,8ns,2007.6566440576162
484,TFSI,5,400,0,9ns,2007.6566440576162
485,TFSI,5,400,1,10ns,444.7395593802644
486,TFSI,5,400,1,6ns,444.7395593802644
487,TFSI,5,400,1,7ns,444.7395593802644
488,TFSI,5,400,1,8ns,444.7395593802644
489,TFSI,5,400,1,9ns,444.7395593802644
490,TFSI,5,450,0,10ns,553.740194913241
491,TFSI,5,450,0,6ns,553.740194913241
492,TFSI,5,450,0,7ns,553.740194913241
493,TFSI,5,450,0,8ns,553.740194913241
494,TFSI,5,450,0,9ns,553.740194913241
495,TFSI,5,450,1,10ns,888.9871283188041
496,TFSI,5,450,1,6ns,888.9871283188041
497,TFSI,5,450,1,7ns,888.9871283188041
498,TFSI,5,450,1,8ns,888.9871283188041
499,TFSI,5,450,1,9ns,888.9871283188041
